<?xml version="1.0" encoding="UTF-8"?>
<project xmlns="http://maven.apache.org/POM/4.0.0" xmlns:xsi="http://www.w3.org/2001/XMLSchema-instance" xsi:schemaLocation="http://maven.apache.org/POM/4.0.0 http://maven.apache.org/maven-v4_0_0.xsd">
  <parent>
    <artifactId>gmall2024-realtime</artifactId>
    <groupId>org.example</groupId>
    <version>1.0-SNAPSHOT</version>
  </parent>
  <modelVersion>4.0.0</modelVersion>
  <artifactId>realtime-common</artifactId>
  <dependencies>
    <dependency>
      <groupId>org.apache.flink</groupId>
      <artifactId>flink-streaming-java</artifactId>
      <version>1.17.1</version>
      <scope>provided</scope>
      <exclusions>
        <exclusion>
          <artifactId>flink-core</artifactId>
          <groupId>org.apache.flink</groupId>
        </exclusion>
        <exclusion>
          <artifactId>flink-file-sink-common</artifactId>
          <groupId>org.apache.flink</groupId>
        </exclusion>
        <exclusion>
          <artifactId>flink-runtime</artifactId>
          <groupId>org.apache.flink</groupId>
        </exclusion>
        <exclusion>
          <artifactId>flink-java</artifactId>
          <groupId>org.apache.flink</groupId>
        </exclusion>
      </exclusions>
    </dependency>
    <dependency>
      <groupId>org.apache.flink</groupId>
      <artifactId>flink-clients</artifactId>
      <version>1.17.1</version>
      <scope>provided</scope>
      <exclusions>
        <exclusion>
          <artifactId>flink-optimizer</artifactId>
          <groupId>org.apache.flink</groupId>
        </exclusion>
        <exclusion>
          <artifactId>flink-core</artifactId>
          <groupId>org.apache.flink</groupId>
        </exclusion>
        <exclusion>
          <artifactId>flink-runtime</artifactId>
          <groupId>org.apache.flink</groupId>
        </exclusion>
        <exclusion>
          <artifactId>flink-java</artifactId>
          <groupId>org.apache.flink</groupId>
        </exclusion>
      </exclusions>
    </dependency>
    <dependency>
      <groupId>org.apache.flink</groupId>
      <artifactId>flink-runtime-web</artifactId>
      <version>1.17.1</version>
      <scope>provided</scope>
      <exclusions>
        <exclusion>
          <artifactId>flink-shaded-netty</artifactId>
          <groupId>org.apache.flink</groupId>
        </exclusion>
        <exclusion>
          <artifactId>flink-shaded-jackson</artifactId>
          <groupId>org.apache.flink</groupId>
        </exclusion>
        <exclusion>
          <artifactId>flink-runtime</artifactId>
          <groupId>org.apache.flink</groupId>
        </exclusion>
      </exclusions>
    </dependency>
    <dependency>
      <groupId>org.apache.flink</groupId>
      <artifactId>flink-json</artifactId>
      <version>1.17.1</version>
      <scope>provided</scope>
      <exclusions>
        <exclusion>
          <artifactId>flink-shaded-force-shading</artifactId>
          <groupId>org.apache.flink</groupId>
        </exclusion>
      </exclusions>
    </dependency>
    <dependency>
      <groupId>org.apache.flink</groupId>
      <artifactId>flink-csv</artifactId>
      <version>1.17.1</version>
      <scope>provided</scope>
      <exclusions>
        <exclusion>
          <artifactId>flink-shaded-force-shading</artifactId>
          <groupId>org.apache.flink</groupId>
        </exclusion>
      </exclusions>
    </dependency>
    <dependency>
      <groupId>org.apache.hadoop</groupId>
      <artifactId>hadoop-client</artifactId>
      <version>3.3.4</version>
      <scope>provided</scope>
      <exclusions>
        <exclusion>
          <artifactId>hadoop-hdfs-client</artifactId>
          <groupId>org.apache.hadoop</groupId>
        </exclusion>
        <exclusion>
          <artifactId>hadoop-yarn-api</artifactId>
          <groupId>org.apache.hadoop</groupId>
        </exclusion>
        <exclusion>
          <artifactId>hadoop-yarn-client</artifactId>
          <groupId>org.apache.hadoop</groupId>
        </exclusion>
        <exclusion>
          <artifactId>hadoop-mapreduce-client-core</artifactId>
          <groupId>org.apache.hadoop</groupId>
        </exclusion>
        <exclusion>
          <artifactId>hadoop-mapreduce-client-jobclient</artifactId>
          <groupId>org.apache.hadoop</groupId>
        </exclusion>
      </exclusions>
    </dependency>
    <dependency>
      <groupId>org.apache.hadoop</groupId>
      <artifactId>hadoop-auth</artifactId>
      <version>3.3.4</version>
      <scope>provided</scope>
      <exclusions>
        <exclusion>
          <artifactId>slf4j-reload4j</artifactId>
          <groupId>org.slf4j</groupId>
        </exclusion>
        <exclusion>
          <artifactId>nimbus-jose-jwt</artifactId>
          <groupId>com.nimbusds</groupId>
        </exclusion>
        <exclusion>
          <artifactId>json-smart</artifactId>
          <groupId>net.minidev</groupId>
        </exclusion>
        <exclusion>
          <artifactId>kerb-simplekdc</artifactId>
          <groupId>org.apache.kerby</groupId>
        </exclusion>
        <exclusion>
          <artifactId>hadoop-shaded-guava</artifactId>
          <groupId>org.apache.hadoop.thirdparty</groupId>
        </exclusion>
      </exclusions>
    </dependency>
    <dependency>
      <groupId>org.projectlombok</groupId>
      <artifactId>lombok</artifactId>
      <version>1.18.20</version>
      <scope>provided</scope>
    </dependency>
    <dependency>
      <groupId>org.slf4j</groupId>
      <artifactId>slf4j-api</artifactId>
      <version>1.7.25</version>
      <scope>provided</scope>
    </dependency>
    <dependency>
      <groupId>org.apache.logging.log4j</groupId>
      <artifactId>log4j-to-slf4j</artifactId>
      <version>2.14.0</version>
      <scope>provided</scope>
      <exclusions>
        <exclusion>
          <artifactId>log4j-api</artifactId>
          <groupId>org.apache.logging.log4j</groupId>
        </exclusion>
      </exclusions>
    </dependency>
    <dependency>
      <groupId>org.apache.flink</groupId>
      <artifactId>flink-table-api-java-bridge</artifactId>
      <version>1.17.1</version>
      <scope>provided</scope>
      <exclusions>
        <exclusion>
          <artifactId>flink-table-api-java</artifactId>
          <groupId>org.apache.flink</groupId>
        </exclusion>
        <exclusion>
          <artifactId>flink-table-api-bridge-base</artifactId>
          <groupId>org.apache.flink</groupId>
        </exclusion>
        <exclusion>
          <artifactId>flink-java</artifactId>
          <groupId>org.apache.flink</groupId>
        </exclusion>
      </exclusions>
    </dependency>
    <dependency>
      <groupId>org.apache.flink</groupId>
      <artifactId>flink-table-planner-loader</artifactId>
      <version>1.17.1</version>
      <scope>provided</scope>
      <exclusions>
        <exclusion>
          <artifactId>flink-table-api-bridge-base</artifactId>
          <groupId>org.apache.flink</groupId>
        </exclusion>
        <exclusion>
          <artifactId>flink-shaded-force-shading</artifactId>
          <groupId>org.apache.flink</groupId>
        </exclusion>
      </exclusions>
    </dependency>
    <dependency>
      <groupId>org.apache.flink</groupId>
      <artifactId>flink-table-runtime</artifactId>
      <version>1.17.1</version>
      <scope>provided</scope>
      <exclusions>
        <exclusion>
          <artifactId>flink-table-common</artifactId>
          <groupId>org.apache.flink</groupId>
        </exclusion>
        <exclusion>
          <artifactId>flink-cep</artifactId>
          <groupId>org.apache.flink</groupId>
        </exclusion>
        <exclusion>
          <artifactId>flink-table-api-java</artifactId>
          <groupId>org.apache.flink</groupId>
        </exclusion>
      </exclusions>
    </dependency>
    <dependency>
      <groupId>org.apache.flink</groupId>
      <artifactId>flink-connector-files</artifactId>
      <version>1.17.1</version>
      <scope>provided</scope>
      <exclusions>
        <exclusion>
          <artifactId>flink-file-sink-common</artifactId>
          <groupId>org.apache.flink</groupId>
        </exclusion>
        <exclusion>
          <artifactId>flink-shaded-force-shading</artifactId>
          <groupId>org.apache.flink</groupId>
        </exclusion>
      </exclusions>
    </dependency>
  </dependencies>
</project>
